width,Relative Error,Inference Time (s)
16,0.19589515030384064,0.0004974603652954102
32,0.1958877593278885,0.0009430050849914551
64,0.19538100063800812,0.0015464425086975098
