batch_size,Relative Error,Inference Time (s)
2,0.18710541725158691,0.00156402587890625
4,0.19562864303588867,0.0013982653617858887
8,0.20230181515216827,0.0012738704681396484
