nu,Relative Error,Inference Time (s)
0.0001,0.19611267745494843,0.0008337497711181641
0.001,0.19597391784191132,0.0008052587509155273
0.01,0.1961635947227478,0.0008904933929443359
