epochs,Relative Error,Inference Time (s)
1,0.19698205590248108,0.0007830262184143066
3,0.19631987810134888,0.0009437203407287598
5,0.19548724591732025,0.0011219978332519531
