dt,Relative Error,Inference Time (s)
0.005,0.19599243998527527,0.000790715217590332
0.01,0.19614499807357788,0.0009189844131469727
0.02,0.19608785212039948,0.0008757710456848145
